vkid;url;prize;price
139468460;https://vk.com/id139468460;Зачисление на кошелёк VK Pay – 100 р.;100.00
431276311;https://vk.com/id431276311;Зачисление на кошелёк VK Pay – 100 р.;100.00
441997409;https://vk.com/id441997409;Зачисление на кошелёк VK Pay – 100 р.;100.00
239650216;https://vk.com/id239650216;Зачисление на кошелёк VK Pay – 100 р.;100.00
383666434;https://vk.com/id383666434;Зачисление на кошелёк VK Pay – 100 р.;100.00
139176905;https://vk.com/id139176905;Зачисление на кошелёк VK Pay – 100 р.;100.00
29154516;https://vk.com/id29154516;Зачисление на кошелёк VK Pay – 100 р.;100.00
41483621;https://vk.com/id41483621;Зачисление на кошелёк VK Pay – 100 р.;100.00
441019121;https://vk.com/id441019121;Зачисление на кошелёк VK Pay – 100 р.;100.00
288397021;https://vk.com/id288397021;Зачисление на кошелёк VK Pay – 100 р.;100.00
66848701;https://vk.com/id66848701;Зачисление на кошелёк VK Pay – 100 р.;100.00
444484166;https://vk.com/id444484166;Зачисление на кошелёк VK Pay – 100 р.;100.00
9817;https://vk.com/id9817;Зачисление на кошелёк VK Pay – 100 р.;100.00
462864977;https://vk.com/id462864977;Зачисление на кошелёк VK Pay – 100 р.;100.00
449063524;https://vk.com/id449063524;Зачисление на кошелёк VK Pay – 100 р.;100.00
538534073;https://vk.com/id538534073;Зачисление на кошелёк VK Pay – 100 р.;100.00
8876877;https://vk.com/id8876877;Зачисление на кошелёк VK Pay – 100 р.;100.00
5304878;https://vk.com/id5304878;Зачисление на кошелёк VK Pay – 100 р.;100.00
6749293;https://vk.com/id6749293;Зачисление на кошелёк VK Pay – 100 р.;100.00
210482591;https://vk.com/id210482591;Зачисление на кошелёк VK Pay – 100 р.;100.00
360111527;https://vk.com/id360111527;Зачисление на кошелёк VK Pay – 100 р.;100.00
527182494;https://vk.com/id527182494;Зачисление на кошелёк VK Pay – 100 р.;100.00
301586403;https://vk.com/id301586403;Зачисление на кошелёк VK Pay – 100 р.;100.00
535781887;https://vk.com/id535781887;Зачисление на кошелёк VK Pay – 100 р.;100.00
21684232;https://vk.com/id21684232;Зачисление на кошелёк VK Pay – 100 р.;100.00
181621266;https://vk.com/id181621266;Зачисление на кошелёк VK Pay – 100 р.;100.00
13252452;https://vk.com/id13252452;Зачисление на кошелёк VK Pay – 100 р.;100.00
221842722;https://vk.com/id221842722;Зачисление на кошелёк VK Pay – 100 р.;100.00
12744597;https://vk.com/id12744597;Зачисление на кошелёк VK Pay – 100 р.;100.00
464096896;https://vk.com/id464096896;Зачисление на кошелёк VK Pay – 100 р.;100.00
414315378;https://vk.com/id414315378;Зачисление на кошелёк VK Pay – 100 р.;100.00
25260174;https://vk.com/id25260174;Зачисление на кошелёк VK Pay – 100 р.;100.00
319541247;https://vk.com/id319541247;Зачисление на кошелёк VK Pay – 100 р.;100.00
8969732;https://vk.com/id8969732;Зачисление на кошелёк VK Pay – 100 р.;100.00
84666296;https://vk.com/id84666296;Зачисление на кошелёк VK Pay – 100 р.;100.00
5631228;https://vk.com/id5631228;Зачисление на кошелёк VK Pay – 100 р.;100.00
427530518;https://vk.com/id427530518;Зачисление на кошелёк VK Pay – 100 р.;100.00
144878531;https://vk.com/id144878531;Зачисление на кошелёк VK Pay – 100 р.;100.00
56487613;https://vk.com/id56487613;Зачисление на кошелёк VK Pay – 100 р.;100.00
251766302;https://vk.com/id251766302;Зачисление на кошелёк VK Pay – 100 р.;100.00
33803368;https://vk.com/id33803368;Зачисление на кошелёк VK Pay – 100 р.;100.00
427224650;https://vk.com/id427224650;Зачисление на кошелёк VK Pay – 100 р.;100.00
35537617;https://vk.com/id35537617;Зачисление на кошелёк VK Pay – 100 р.;100.00
427223541;https://vk.com/id427223541;Зачисление на кошелёк VK Pay – 100 р.;100.00
87372183;https://vk.com/id87372183;Зачисление на кошелёк VK Pay – 100 р.;100.00
20113867;https://vk.com/id20113867;Зачисление на кошелёк VK Pay – 100 р.;100.00
132034768;https://vk.com/id132034768;Зачисление на кошелёк VK Pay – 100 р.;100.00
220549433;https://vk.com/id220549433;Зачисление на кошелёк VK Pay – 100 р.;100.00
338051686;https://vk.com/id338051686;Зачисление на кошелёк VK Pay – 100 р.;100.00
106534950;https://vk.com/id106534950;Зачисление на кошелёк VK Pay – 100 р.;100.00
445987261;https://vk.com/id445987261;Зачисление на кошелёк VK Pay – 100 р.;100.00
20525681;https://vk.com/id20525681;Зачисление на кошелёк VK Pay – 100 р.;100.00
43118991;https://vk.com/id43118991;Зачисление на кошелёк VK Pay – 100 р.;100.00
478363346;https://vk.com/id478363346;Зачисление на кошелёк VK Pay – 100 р.;100.00
3444766;https://vk.com/id3444766;Зачисление на кошелёк VK Pay – 100 р.;100.00
354415250;https://vk.com/id354415250;Зачисление на кошелёк VK Pay – 100 р.;100.00
537964868;https://vk.com/id537964868;Зачисление на кошелёк VK Pay – 100 р.;100.00
37643273;https://vk.com/id37643273;Зачисление на кошелёк VK Pay – 100 р.;100.00
537961329;https://vk.com/id537961329;Зачисление на кошелёк VK Pay – 100 р.;100.00
374484831;https://vk.com/id374484831;Зачисление на кошелёк VK Pay – 100 р.;100.00
386919940;https://vk.com/id386919940;Зачисление на кошелёк VK Pay – 100 р.;100.00
220250119;https://vk.com/id220250119;Зачисление на кошелёк VK Pay – 100 р.;100.00
500292639;https://vk.com/id500292639;Зачисление на кошелёк VK Pay – 100 р.;100.00
5524059;https://vk.com/id5524059;Зачисление на кошелёк VK Pay – 100 р.;100.00
553885314;https://vk.com/id553885314;Зачисление на кошелёк VK Pay – 100 р.;100.00
94947123;https://vk.com/id94947123;Зачисление на кошелёк VK Pay – 100 р.;100.00
63253762;https://vk.com/id63253762;Зачисление на кошелёк VK Pay – 100 р.;100.00
135676516;https://vk.com/id135676516;Зачисление на кошелёк VK Pay – 100 р.;100.00
189383950;https://vk.com/id189383950;Зачисление на кошелёк VK Pay – 100 р.;100.00
548536065;https://vk.com/id548536065;Зачисление на кошелёк VK Pay – 100 р.;100.00
85924095;https://vk.com/id85924095;Зачисление на кошелёк VK Pay – 100 р.;100.00
236894171;https://vk.com/id236894171;Зачисление на кошелёк VK Pay – 100 р.;100.00
218245444;https://vk.com/id218245444;Зачисление на кошелёк VK Pay – 100 р.;100.00
414124168;https://vk.com/id414124168;Зачисление на кошелёк VK Pay – 100 р.;100.00
7447831;https://vk.com/id7447831;Зачисление на кошелёк VK Pay – 100 р.;100.00
35273273;https://vk.com/id35273273;Зачисление на кошелёк VK Pay – 100 р.;100.00
414381754;https://vk.com/id414381754;Зачисление на кошелёк VK Pay – 100 р.;100.00
12857386;https://vk.com/id12857386;Зачисление на кошелёк VK Pay – 100 р.;100.00
550195275;https://vk.com/id550195275;Зачисление на кошелёк VK Pay – 100 р.;100.00
151795005;https://vk.com/id151795005;Зачисление на кошелёк VK Pay – 100 р.;100.00
84362864;https://vk.com/id84362864;Зачисление на кошелёк VK Pay – 100 р.;100.00
436013;https://vk.com/id436013;Зачисление на кошелёк VK Pay – 100 р.;100.00
177602666;https://vk.com/id177602666;Зачисление на кошелёк VK Pay – 100 р.;100.00
391420979;https://vk.com/id391420979;Зачисление на кошелёк VK Pay – 100 р.;100.00
158019734;https://vk.com/id158019734;Зачисление на кошелёк VK Pay – 100 р.;100.00
228406518;https://vk.com/id228406518;Зачисление на кошелёк VK Pay – 100 р.;100.00
300092365;https://vk.com/id300092365;Зачисление на кошелёк VK Pay – 100 р.;100.00
202474616;https://vk.com/id202474616;Зачисление на кошелёк VK Pay – 100 р.;100.00
146003478;https://vk.com/id146003478;Зачисление на кошелёк VK Pay – 100 р.;100.00
142931364;https://vk.com/id142931364;Зачисление на кошелёк VK Pay – 100 р.;100.00
27431141;https://vk.com/id27431141;Зачисление на кошелёк VK Pay – 100 р.;100.00
168447319;https://vk.com/id168447319;Зачисление на кошелёк VK Pay – 100 р.;100.00
17103449;https://vk.com/id17103449;Зачисление на кошелёк VK Pay – 100 р.;100.00
496441314;https://vk.com/id496441314;Зачисление на кошелёк VK Pay – 100 р.;100.00
504233045;https://vk.com/id504233045;Зачисление на кошелёк VK Pay – 100 р.;100.00
462461901;https://vk.com/id462461901;Зачисление на кошелёк VK Pay – 100 р.;100.00
372652108;https://vk.com/id372652108;Зачисление на кошелёк VK Pay – 100 р.;100.00
173594890;https://vk.com/id173594890;Зачисление на кошелёк VK Pay – 100 р.;100.00
322936699;https://vk.com/id322936699;Зачисление на кошелёк VK Pay – 100 р.;100.00
274840348;https://vk.com/id274840348;Зачисление на кошелёк VK Pay – 100 р.;100.00
265154742;https://vk.com/id265154742;Зачисление на кошелёк VK Pay – 100 р.;100.00
110525821;https://vk.com/id110525821;Зачисление на кошелёк VK Pay – 100 р.;100.00
10671489;https://vk.com/id10671489;Зачисление на кошелёк VK Pay – 100 р.;100.00
55875234;https://vk.com/id55875234;Зачисление на кошелёк VK Pay – 100 р.;100.00
3874443;https://vk.com/id3874443;Зачисление на кошелёк VK Pay – 100 р.;100.00
396048408;https://vk.com/id396048408;Зачисление на кошелёк VK Pay – 100 р.;100.00
12392978;https://vk.com/id12392978;Зачисление на кошелёк VK Pay – 100 р.;100.00
133505142;https://vk.com/id133505142;Зачисление на кошелёк VK Pay – 100 р.;100.00
8640396;https://vk.com/id8640396;Зачисление на кошелёк VK Pay – 100 р.;100.00
13107784;https://vk.com/id13107784;Зачисление на кошелёк VK Pay – 100 р.;100.00
17757850;https://vk.com/id17757850;Зачисление на кошелёк VK Pay – 100 р.;100.00
20606371;https://vk.com/id20606371;Зачисление на кошелёк VK Pay – 100 р.;100.00
448193724;https://vk.com/id448193724;Зачисление на кошелёк VK Pay – 100 р.;100.00
192142650;https://vk.com/id192142650;Зачисление на кошелёк VK Pay – 100 р.;100.00
249112358;https://vk.com/id249112358;Зачисление на кошелёк VK Pay – 100 р.;100.00
6286948;https://vk.com/id6286948;Зачисление на кошелёк VK Pay – 100 р.;100.00
103066528;https://vk.com/id103066528;Зачисление на кошелёк VK Pay – 100 р.;100.00
800421;https://vk.com/id800421;Зачисление на кошелёк VK Pay – 100 р.;100.00
177464734;https://vk.com/id177464734;Зачисление на кошелёк VK Pay – 100 р.;100.00
56617478;https://vk.com/id56617478;Зачисление на кошелёк VK Pay – 100 р.;100.00
1499368;https://vk.com/id1499368;Зачисление на кошелёк VK Pay – 100 р.;100.00
241100596;https://vk.com/id241100596;Зачисление на кошелёк VK Pay – 100 р.;100.00
17776761;https://vk.com/id17776761;Зачисление на кошелёк VK Pay – 100 р.;100.00
146251276;https://vk.com/id146251276;Зачисление на кошелёк VK Pay – 100 р.;100.00
55355333;https://vk.com/id55355333;Зачисление на кошелёк VK Pay – 100 р.;100.00
303130126;https://vk.com/id303130126;Зачисление на кошелёк VK Pay – 100 р.;100.00
205228968;https://vk.com/id205228968;Зачисление на кошелёк VK Pay – 100 р.;100.00
216939362;https://vk.com/id216939362;Зачисление на кошелёк VK Pay – 100 р.;100.00
392055747;https://vk.com/id392055747;Зачисление на кошелёк VK Pay – 100 р.;100.00
7418465;https://vk.com/id7418465;Зачисление на кошелёк VK Pay – 100 р.;100.00
497736825;https://vk.com/id497736825;Зачисление на кошелёк VK Pay – 100 р.;100.00
431272275;https://vk.com/id431272275;Зачисление на кошелёк VK Pay – 100 р.;100.00
190190428;https://vk.com/id190190428;Зачисление на кошелёк VK Pay – 100 р.;100.00
168598055;https://vk.com/id168598055;Зачисление на кошелёк VK Pay – 100 р.;100.00
21735655;https://vk.com/id21735655;Зачисление на кошелёк VK Pay – 100 р.;100.00
160157764;https://vk.com/id160157764;Зачисление на кошелёк VK Pay – 100 р.;100.00
8683309;https://vk.com/id8683309;Зачисление на кошелёк VK Pay – 100 р.;100.00
235896265;https://vk.com/id235896265;Зачисление на кошелёк VK Pay – 100 р.;100.00
265423988;https://vk.com/id265423988;Зачисление на кошелёк VK Pay – 100 р.;100.00
300439442;https://vk.com/id300439442;Зачисление на кошелёк VK Pay – 100 р.;100.00
485702166;https://vk.com/id485702166;Зачисление на кошелёк VK Pay – 100 р.;100.00
17484193;https://vk.com/id17484193;Зачисление на кошелёк VK Pay – 100 р.;100.00
257311805;https://vk.com/id257311805;Зачисление на кошелёк VK Pay – 100 р.;100.00
299749234;https://vk.com/id299749234;Зачисление на кошелёк VK Pay – 100 р.;100.00
179922530;https://vk.com/id179922530;Зачисление на кошелёк VK Pay – 100 р.;100.00
406976909;https://vk.com/id406976909;Зачисление на кошелёк VK Pay – 100 р.;100.00
5352463;https://vk.com/id5352463;Зачисление на кошелёк VK Pay – 100 р.;100.00
173199048;https://vk.com/id173199048;Зачисление на кошелёк VK Pay – 100 р.;100.00
54070490;https://vk.com/id54070490;Зачисление на кошелёк VK Pay – 100 р.;100.00
453932401;https://vk.com/id453932401;Зачисление на кошелёк VK Pay – 100 р.;100.00
451172386;https://vk.com/id451172386;Зачисление на кошелёк VK Pay – 100 р.;100.00
359841000;https://vk.com/id359841000;Зачисление на кошелёк VK Pay – 100 р.;100.00
121784212;https://vk.com/id121784212;Зачисление на кошелёк VK Pay – 100 р.;100.00
22416718;https://vk.com/id22416718;Зачисление на кошелёк VK Pay – 100 р.;100.00
284099087;https://vk.com/id284099087;Зачисление на кошелёк VK Pay – 100 р.;100.00
533991689;https://vk.com/id533991689;Зачисление на кошелёк VK Pay – 100 р.;100.00
393260148;https://vk.com/id393260148;Зачисление на кошелёк VK Pay – 100 р.;100.00
33988864;https://vk.com/id33988864;Зачисление на кошелёк VK Pay – 100 р.;100.00
8239058;https://vk.com/id8239058;Зачисление на кошелёк VK Pay – 100 р.;100.00
209535220;https://vk.com/id209535220;Зачисление на кошелёк VK Pay – 100 р.;100.00
180079877;https://vk.com/id180079877;Зачисление на кошелёк VK Pay – 100 р.;100.00
510151469;https://vk.com/id510151469;Зачисление на кошелёк VK Pay – 100 р.;100.00
354112170;https://vk.com/id354112170;Зачисление на кошелёк VK Pay – 100 р.;100.00
496891483;https://vk.com/id496891483;Зачисление на кошелёк VK Pay – 100 р.;100.00
236322170;https://vk.com/id236322170;Зачисление на кошелёк VK Pay – 100 р.;100.00
274464083;https://vk.com/id274464083;Зачисление на кошелёк VK Pay – 100 р.;100.00
306266235;https://vk.com/id306266235;Зачисление на кошелёк VK Pay – 100 р.;100.00
77861009;https://vk.com/id77861009;Зачисление на кошелёк VK Pay – 100 р.;100.00
460517639;https://vk.com/id460517639;Зачисление на кошелёк VK Pay – 100 р.;100.00
56923515;https://vk.com/id56923515;Зачисление на кошелёк VK Pay – 100 р.;100.00
31360899;https://vk.com/id31360899;Зачисление на кошелёк VK Pay – 100 р.;100.00
21382528;https://vk.com/id21382528;Зачисление на кошелёк VK Pay – 100 р.;100.00
394834146;https://vk.com/id394834146;Зачисление на кошелёк VK Pay – 100 р.;100.00
190832178;https://vk.com/id190832178;Зачисление на кошелёк VK Pay – 100 р.;100.00
520004157;https://vk.com/id520004157;Зачисление на кошелёк VK Pay – 100 р.;100.00
81089289;https://vk.com/id81089289;Зачисление на кошелёк VK Pay – 100 р.;100.00
8266923;https://vk.com/id8266923;Зачисление на кошелёк VK Pay – 100 р.;100.00
292943613;https://vk.com/id292943613;Зачисление на кошелёк VK Pay – 100 р.;100.00
385632023;https://vk.com/id385632023;Зачисление на кошелёк VK Pay – 100 р.;100.00
275429010;https://vk.com/id275429010;Зачисление на кошелёк VK Pay – 100 р.;100.00
19873011;https://vk.com/id19873011;Зачисление на кошелёк VK Pay – 100 р.;100.00
223095919;https://vk.com/id223095919;Зачисление на кошелёк VK Pay – 100 р.;100.00
497197055;https://vk.com/id497197055;Зачисление на кошелёк VK Pay – 100 р.;100.00
22845563;https://vk.com/id22845563;Зачисление на кошелёк VK Pay – 100 р.;100.00
75982213;https://vk.com/id75982213;Зачисление на кошелёк VK Pay – 100 р.;100.00
193848709;https://vk.com/id193848709;Зачисление на кошелёк VK Pay – 100 р.;100.00
146581239;https://vk.com/id146581239;Зачисление на кошелёк VK Pay – 100 р.;100.00
223322571;https://vk.com/id223322571;Зачисление на кошелёк VK Pay – 100 р.;100.00
7727228;https://vk.com/id7727228;Зачисление на кошелёк VK Pay – 100 р.;100.00
485096102;https://vk.com/id485096102;Зачисление на кошелёк VK Pay – 100 р.;100.00
7732367;https://vk.com/id7732367;Зачисление на кошелёк VK Pay – 100 р.;100.00
108638821;https://vk.com/id108638821;Зачисление на кошелёк VK Pay – 100 р.;100.00
317542939;https://vk.com/id317542939;Зачисление на кошелёк VK Pay – 100 р.;100.00
190065309;https://vk.com/id190065309;Зачисление на кошелёк VK Pay – 100 р.;100.00
24242007;https://vk.com/id24242007;Зачисление на кошелёк VK Pay – 100 р.;100.00
395744627;https://vk.com/id395744627;Зачисление на кошелёк VK Pay – 100 р.;100.00
144658950;https://vk.com/id144658950;Зачисление на кошелёк VK Pay – 100 р.;100.00
273444784;https://vk.com/id273444784;Зачисление на кошелёк VK Pay – 100 р.;100.00
18509455;https://vk.com/id18509455;Зачисление на кошелёк VK Pay – 100 р.;100.00
242140395;https://vk.com/id242140395;Зачисление на кошелёк VK Pay – 100 р.;100.00
232337022;https://vk.com/id232337022;Зачисление на кошелёк VK Pay – 100 р.;100.00
122756188;https://vk.com/id122756188;Зачисление на кошелёк VK Pay – 100 р.;100.00
19846704;https://vk.com/id19846704;Зачисление на кошелёк VK Pay – 100 р.;100.00
267686286;https://vk.com/id267686286;Зачисление на кошелёк VK Pay – 100 р.;100.00
227071574;https://vk.com/id227071574;Зачисление на кошелёк VK Pay – 100 р.;100.00
64661969;https://vk.com/id64661969;Зачисление на кошелёк VK Pay – 100 р.;100.00
516299797;https://vk.com/id516299797;Зачисление на кошелёк VK Pay – 100 р.;100.00
393318123;https://vk.com/id393318123;Зачисление на кошелёк VK Pay – 100 р.;100.00
139341129;https://vk.com/id139341129;Зачисление на кошелёк VK Pay – 100 р.;100.00
353435947;https://vk.com/id353435947;Зачисление на кошелёк VK Pay – 100 р.;100.00
393286754;https://vk.com/id393286754;Зачисление на кошелёк VK Pay – 100 р.;100.00
101403547;https://vk.com/id101403547;Зачисление на кошелёк VK Pay – 100 р.;100.00
557815020;https://vk.com/id557815020;Зачисление на кошелёк VK Pay – 100 р.;100.00
44103491;https://vk.com/id44103491;Зачисление на кошелёк VK Pay – 100 р.;100.00
67216654;https://vk.com/id67216654;Зачисление на кошелёк VK Pay – 100 р.;100.00
35909129;https://vk.com/id35909129;Зачисление на кошелёк VK Pay – 100 р.;100.00
176559218;https://vk.com/id176559218;Зачисление на кошелёк VK Pay – 100 р.;100.00
508413926;https://vk.com/id508413926;Зачисление на кошелёк VK Pay – 100 р.;100.00
46248720;https://vk.com/id46248720;Зачисление на кошелёк VK Pay – 100 р.;100.00
53507252;https://vk.com/id53507252;Зачисление на кошелёк VK Pay – 100 р.;100.00
768599;https://vk.com/id768599;Зачисление на кошелёк VK Pay – 100 р.;100.00
154917356;https://vk.com/id154917356;Зачисление на кошелёк VK Pay – 100 р.;100.00
139429709;https://vk.com/id139429709;Зачисление на кошелёк VK Pay – 100 р.;100.00
17892287;https://vk.com/id17892287;Зачисление на кошелёк VK Pay – 100 р.;100.00
372613008;https://vk.com/id372613008;Зачисление на кошелёк VK Pay – 100 р.;100.00
147129394;https://vk.com/id147129394;Зачисление на кошелёк VK Pay – 100 р.;100.00
528696838;https://vk.com/id528696838;Зачисление на кошелёк VK Pay – 100 р.;100.00
87336327;https://vk.com/id87336327;Зачисление на кошелёк VK Pay – 100 р.;100.00
18639294;https://vk.com/id18639294;Зачисление на кошелёк VK Pay – 100 р.;100.00
111200201;https://vk.com/id111200201;Зачисление на кошелёк VK Pay – 100 р.;100.00
174557720;https://vk.com/id174557720;Зачисление на кошелёк VK Pay – 100 р.;100.00
236744240;https://vk.com/id236744240;Зачисление на кошелёк VK Pay – 100 р.;100.00
343352828;https://vk.com/id343352828;Зачисление на кошелёк VK Pay – 100 р.;100.00
112851901;https://vk.com/id112851901;Зачисление на кошелёк VK Pay – 100 р.;100.00
452042294;https://vk.com/id452042294;Зачисление на кошелёк VK Pay – 100 р.;100.00
532078827;https://vk.com/id532078827;Зачисление на кошелёк VK Pay – 100 р.;100.00
472445527;https://vk.com/id472445527;Зачисление на кошелёк VK Pay – 100 р.;100.00
3378047;https://vk.com/id3378047;Зачисление на кошелёк VK Pay – 100 р.;100.00
4807768;https://vk.com/id4807768;Зачисление на кошелёк VK Pay – 100 р.;100.00
306588614;https://vk.com/id306588614;Зачисление на кошелёк VK Pay – 100 р.;100.00
231299019;https://vk.com/id231299019;Зачисление на кошелёк VK Pay – 100 р.;100.00
474424583;https://vk.com/id474424583;Зачисление на кошелёк VK Pay – 100 р.;100.00
440099633;https://vk.com/id440099633;Зачисление на кошелёк VK Pay – 100 р.;100.00
54010544;https://vk.com/id54010544;Зачисление на кошелёк VK Pay – 100 р.;100.00
386443385;https://vk.com/id386443385;Зачисление на кошелёк VK Pay – 100 р.;100.00
147620364;https://vk.com/id147620364;Зачисление на кошелёк VK Pay – 100 р.;100.00
415453079;https://vk.com/id415453079;Зачисление на кошелёк VK Pay – 100 р.;100.00
215702782;https://vk.com/id215702782;Зачисление на кошелёк VK Pay – 100 р.;100.00
252257915;https://vk.com/id252257915;Зачисление на кошелёк VK Pay – 100 р.;100.00
94377984;https://vk.com/id94377984;Зачисление на кошелёк VK Pay – 100 р.;100.00
436023557;https://vk.com/id436023557;Зачисление на кошелёк VK Pay – 100 р.;100.00
81645249;https://vk.com/id81645249;Зачисление на кошелёк VK Pay – 100 р.;100.00
55573874;https://vk.com/id55573874;Зачисление на кошелёк VK Pay – 100 р.;100.00
145438110;https://vk.com/id145438110;Зачисление на кошелёк VK Pay – 100 р.;100.00
416046381;https://vk.com/id416046381;Зачисление на кошелёк VK Pay – 100 р.;100.00
406317403;https://vk.com/id406317403;Зачисление на кошелёк VK Pay – 100 р.;100.00
269723894;https://vk.com/id269723894;Зачисление на кошелёк VK Pay – 100 р.;100.00
272266701;https://vk.com/id272266701;Зачисление на кошелёк VK Pay – 100 р.;100.00
337881476;https://vk.com/id337881476;Зачисление на кошелёк VK Pay – 100 р.;100.00
446247711;https://vk.com/id446247711;Зачисление на кошелёк VK Pay – 100 р.;100.00
2416647;https://vk.com/id2416647;Зачисление на кошелёк VK Pay – 100 р.;100.00
134242558;https://vk.com/id134242558;Зачисление на кошелёк VK Pay – 100 р.;100.00
178554335;https://vk.com/id178554335;Зачисление на кошелёк VK Pay – 100 р.;100.00
21430813;https://vk.com/id21430813;Зачисление на кошелёк VK Pay – 100 р.;100.00
88524596;https://vk.com/id88524596;Зачисление на кошелёк VK Pay – 100 р.;100.00
150808426;https://vk.com/id150808426;Зачисление на кошелёк VK Pay – 100 р.;100.00
152870024;https://vk.com/id152870024;Зачисление на кошелёк VK Pay – 100 р.;100.00
249563361;https://vk.com/id249563361;Зачисление на кошелёк VK Pay – 100 р.;100.00
300932556;https://vk.com/id300932556;Зачисление на кошелёк VK Pay – 100 р.;100.00
509915114;https://vk.com/id509915114;Зачисление на кошелёк VK Pay – 100 р.;100.00
287080507;https://vk.com/id287080507;Зачисление на кошелёк VK Pay – 100 р.;100.00
395703197;https://vk.com/id395703197;Зачисление на кошелёк VK Pay – 100 р.;100.00
15536830;https://vk.com/id15536830;Зачисление на кошелёк VK Pay – 100 р.;100.00
19825516;https://vk.com/id19825516;Зачисление на кошелёк VK Pay – 100 р.;100.00
445605452;https://vk.com/id445605452;Зачисление на кошелёк VK Pay – 100 р.;100.00
38537734;https://vk.com/id38537734;Зачисление на кошелёк VK Pay – 100 р.;100.00
357955906;https://vk.com/id357955906;Зачисление на кошелёк VK Pay – 100 р.;100.00
15354121;https://vk.com/id15354121;Зачисление на кошелёк VK Pay – 100 р.;100.00
557739258;https://vk.com/id557739258;Зачисление на кошелёк VK Pay – 100 р.;100.00
28752285;https://vk.com/id28752285;Зачисление на кошелёк VK Pay – 100 р.;100.00
1772122;https://vk.com/id1772122;Зачисление на кошелёк VK Pay – 100 р.;100.00
23030541;https://vk.com/id23030541;Зачисление на кошелёк VK Pay – 100 р.;100.00
139954347;https://vk.com/id139954347;Зачисление на кошелёк VK Pay – 100 р.;100.00
234414841;https://vk.com/id234414841;Зачисление на кошелёк VK Pay – 100 р.;100.00
255760347;https://vk.com/id255760347;Зачисление на кошелёк VK Pay – 100 р.;100.00
392843053;https://vk.com/id392843053;Зачисление на кошелёк VK Pay – 100 р.;100.00
348519842;https://vk.com/id348519842;Зачисление на кошелёк VK Pay – 100 р.;100.00
272423849;https://vk.com/id272423849;Зачисление на кошелёк VK Pay – 100 р.;100.00
392847403;https://vk.com/id392847403;Зачисление на кошелёк VK Pay – 100 р.;100.00
152904253;https://vk.com/id152904253;Зачисление на кошелёк VK Pay – 100 р.;100.00
143577754;https://vk.com/id143577754;Зачисление на кошелёк VK Pay – 100 р.;100.00
364948248;https://vk.com/id364948248;Зачисление на кошелёк VK Pay – 100 р.;100.00
206438607;https://vk.com/id206438607;Зачисление на кошелёк VK Pay – 100 р.;100.00
492853963;https://vk.com/id492853963;Зачисление на кошелёк VK Pay – 100 р.;100.00
255839009;https://vk.com/id255839009;Зачисление на кошелёк VK Pay – 100 р.;100.00
112428;https://vk.com/id112428;Зачисление на кошелёк VK Pay – 100 р.;100.00
50167671;https://vk.com/id50167671;Зачисление на кошелёк VK Pay – 100 р.;100.00
273115961;https://vk.com/id273115961;Зачисление на кошелёк VK Pay – 100 р.;100.00
355321285;https://vk.com/id355321285;Зачисление на кошелёк VK Pay – 100 р.;100.00
26523;https://vk.com/id26523;Зачисление на кошелёк VK Pay – 100 р.;100.00
401954173;https://vk.com/id401954173;Зачисление на кошелёк VK Pay – 100 р.;100.00
66982787;https://vk.com/id66982787;Зачисление на кошелёк VK Pay – 100 р.;100.00
21497532;https://vk.com/id21497532;Зачисление на кошелёк VK Pay – 100 р.;100.00
4588767;https://vk.com/id4588767;Зачисление на кошелёк VK Pay – 100 р.;100.00
17130014;https://vk.com/id17130014;Зачисление на кошелёк VK Pay – 100 р.;100.00
292466752;https://vk.com/id292466752;Зачисление на кошелёк VK Pay – 100 р.;100.00
85321;https://vk.com/id85321;Зачисление на кошелёк VK Pay – 100 р.;100.00
19387626;https://vk.com/id19387626;Зачисление на кошелёк VK Pay – 100 р.;100.00
203550406;https://vk.com/id203550406;Зачисление на кошелёк VK Pay – 100 р.;100.00
196169601;https://vk.com/id196169601;Зачисление на кошелёк VK Pay – 100 р.;100.00
189331894;https://vk.com/id189331894;Зачисление на кошелёк VK Pay – 100 р.;100.00
62567594;https://vk.com/id62567594;Зачисление на кошелёк VK Pay – 100 р.;100.00
193198379;https://vk.com/id193198379;Зачисление на кошелёк VK Pay – 100 р.;100.00
225725441;https://vk.com/id225725441;Зачисление на кошелёк VK Pay – 100 р.;100.00
486302552;https://vk.com/id486302552;Зачисление на кошелёк VK Pay – 100 р.;100.00
68581028;https://vk.com/id68581028;Зачисление на кошелёк VK Pay – 100 р.;100.00
278885006;https://vk.com/id278885006;Зачисление на кошелёк VK Pay – 100 р.;100.00
28364338;https://vk.com/id28364338;Зачисление на кошелёк VK Pay – 100 р.;100.00
557609900;https://vk.com/id557609900;Зачисление на кошелёк VK Pay – 100 р.;100.00
443220613;https://vk.com/id443220613;Зачисление на кошелёк VK Pay – 100 р.;100.00
133378186;https://vk.com/id133378186;Зачисление на кошелёк VK Pay – 100 р.;100.00
183804939;https://vk.com/id183804939;Зачисление на кошелёк VK Pay – 100 р.;100.00
182867783;https://vk.com/id182867783;Зачисление на кошелёк VK Pay – 100 р.;100.00
362493123;https://vk.com/id362493123;Зачисление на кошелёк VK Pay – 100 р.;100.00
182769929;https://vk.com/id182769929;Зачисление на кошелёк VK Pay – 100 р.;100.00
358157687;https://vk.com/id358157687;Зачисление на кошелёк VK Pay – 100 р.;100.00
4301268;https://vk.com/id4301268;Зачисление на кошелёк VK Pay – 100 р.;100.00
134932055;https://vk.com/id134932055;Зачисление на кошелёк VK Pay – 100 р.;100.00
118833667;https://vk.com/id118833667;Зачисление на кошелёк VK Pay – 100 р.;100.00
38834507;https://vk.com/id38834507;Зачисление на кошелёк VK Pay – 100 р.;100.00
220182075;https://vk.com/id220182075;Зачисление на кошелёк VK Pay – 100 р.;100.00
177913620;https://vk.com/id177913620;Зачисление на кошелёк VK Pay – 100 р.;100.00
489579146;https://vk.com/id489579146;Зачисление на кошелёк VK Pay – 100 р.;100.00
182373644;https://vk.com/id182373644;Зачисление на кошелёк VK Pay – 100 р.;100.00
139728931;https://vk.com/id139728931;Зачисление на кошелёк VK Pay – 100 р.;100.00
139514546;https://vk.com/id139514546;Зачисление на кошелёк VK Pay – 100 р.;100.00
538808304;https://vk.com/id538808304;Зачисление на кошелёк VK Pay – 100 р.;100.00
133378238;https://vk.com/id133378238;Зачисление на кошелёк VK Pay – 100 р.;100.00
343049300;https://vk.com/id343049300;Зачисление на кошелёк VK Pay – 100 р.;100.00
183750508;https://vk.com/id183750508;Зачисление на кошелёк VK Pay – 100 р.;100.00
523052622;https://vk.com/id523052622;Зачисление на кошелёк VK Pay – 100 р.;100.00
184801042;https://vk.com/id184801042;Зачисление на кошелёк VK Pay – 100 р.;100.00
182318889;https://vk.com/id182318889;Зачисление на кошелёк VK Pay – 100 р.;100.00
183354867;https://vk.com/id183354867;Зачисление на кошелёк VK Pay – 100 р.;100.00
184291473;https://vk.com/id184291473;Зачисление на кошелёк VK Pay – 100 р.;100.00
394524087;https://vk.com/id394524087;Зачисление на кошелёк VK Pay – 100 р.;100.00
179692808;https://vk.com/id179692808;Зачисление на кошелёк VK Pay – 100 р.;100.00
140289332;https://vk.com/id140289332;Зачисление на кошелёк VK Pay – 100 р.;100.00
183925085;https://vk.com/id183925085;Зачисление на кошелёк VK Pay – 100 р.;100.00
140051381;https://vk.com/id140051381;Зачисление на кошелёк VK Pay – 100 р.;100.00
139890424;https://vk.com/id139890424;Зачисление на кошелёк VK Pay – 100 р.;100.00
306674427;https://vk.com/id306674427;Зачисление на кошелёк VK Pay – 100 р.;100.00
307039115;https://vk.com/id307039115;Зачисление на кошелёк VK Pay – 100 р.;100.00
306897489;https://vk.com/id306897489;Зачисление на кошелёк VK Pay – 100 р.;100.00
306746497;https://vk.com/id306746497;Зачисление на кошелёк VK Pay – 100 р.;100.00
307180422;https://vk.com/id307180422;Зачисление на кошелёк VK Pay – 100 р.;100.00
307433087;https://vk.com/id307433087;Зачисление на кошелёк VK Pay – 100 р.;100.00
306256319;https://vk.com/id306256319;Зачисление на кошелёк VK Pay – 100 р.;100.00
306463403;https://vk.com/id306463403;Зачисление на кошелёк VK Pay – 100 р.;100.00
306383698;https://vk.com/id306383698;Зачисление на кошелёк VK Pay – 100 р.;100.00
307314960;https://vk.com/id307314960;Зачисление на кошелёк VK Pay – 100 р.;100.00
133108499;https://vk.com/id133108499;Зачисление на кошелёк VK Pay – 100 р.;100.00
540422625;https://vk.com/id540422625;Зачисление на кошелёк VK Pay – 100 р.;100.00
19794006;https://vk.com/id19794006;Зачисление на кошелёк VK Pay – 100 р.;100.00
34173294;https://vk.com/id34173294;Зачисление на кошелёк VK Pay – 100 р.;100.00
183093368;https://vk.com/id183093368;Зачисление на кошелёк VK Pay – 100 р.;100.00
